Kynjuð orð	Unnamed: 1	Unnamed: 2	Unnamed: 3	Unnamed: 4	Unnamed: 5	Unnamed: 6	Unnamed: 7	Unnamed: 8	Unnamed: 9	Unnamed: 10
k/kk = aðeins notað um karlmenn										
k/kk-merkt	orðfl.	kóði	kóði2	merking	Óviðeigandi ástæða	Annað tilfallandi	önnur merking (ekki óviðeigandi)			
afdæmingur	no	k/kk		leiðindagaur	niðrandi/ljótt orð yfir karla	Almenn ljót orð um karlmenn				
afhrak	no	k/kk		úrþvætti, mannfýla	niðrandi/ljótt orð yfir karla	Grófur ruddalegur karlmaður, með óheflaða framkomu, sýnir óþokkaskap				
afklofi	no	k/kk		klaufi, klunni	niðrandi/ljótt orð yfir karla	Klaufskur maður, klunnalegur karl				
aflaki	no	k/kk		ónytjungur	niðrandi/ljótt orð yfir karla	Skapgerð: Daufgerður, linur, gagnslítill, latur maður; rola				
afskúm	no	k/kk		afhrak, úrþvætti	niðrandi/ljótt orð yfir karla	Grófur ruddalegur karlmaður, með óheflaða framkomu, sýnir óþokkaskap				
afsnóp	no	k/kk		letingi, drollari	niðrandi/ljótt orð yfir karla	Skapgerð: Daufgerður, linur, gagnslítill, latur maður; rola				
afstyrmi	no	k/kk		Grófur ruddalegur karlmaður, með óheflaða framkomu, sýnir óþokkaskap	niðrandi/ljótt orð yfir karla	Grófur ruddalegur karlmaður, með óheflaða framkomu, sýnir óþokkaskap				
aftót	no	k/kk		afstyrmi, úrþvætti	niðrandi/ljótt orð yfir karla	Grófur ruddalegur karlmaður, með óheflaða framkomu, sýnir óþokkaskap				
afturfótafætlingur	no	k/kk		skammaryrði um mann	niðrandi/ljótt orð yfir karla	Almenn ljót orð um karlmenn				
afturfótafiðrildi	no	k/kk		skammaryrði um mann	niðrandi/ljótt orð yfir karla	Almenn ljót orð um karlmenn				
afturfótakvikindi	no	k/kk		óféti	niðrandi/ljótt orð yfir karla	Grófur ruddalegur karlmaður, með óheflaða framkomu, sýnir óþokkaskap				
afturfótakvikindi	no	k/kk		maður afkaplega klaufskur í verki	niðrandi/ljótt orð yfir karla	Klaufskur maður, klunnalegur karl				
afturréttingur	no	k/kk		uppskafningur, montinn maður	niðrandi/ljótt orð yfir karla	Montinn karlmaður, spjátrungur, oflátungur, drambsamur karl				
afturúrstang	no	k/kk		maður sem þykir öðrum lélegri	niðrandi/ljótt orð yfir karla	Klaufskur maður, klunnalegur karl				
ambinböðull	no	k/kk		erkiklaufi	niðrandi/ljótt orð yfir karla	Klaufskur maður, klunnalegur karl				
amleri	no	k/kk		ónytjungur	niðrandi/ljótt orð yfir karla	Skapgerð: Daufgerður, linur, gagnslítill, latur maður; rola				
angurgapi	no	k/kk		fífldjarfur maður	niðrandi/ljótt orð yfir karla	Fljótfær karlmaður, óstöðuglyndur karl				
annléri	no	k/kk		aumingi, skussi	niðrandi/ljótt orð yfir karla	Klaufskur maður, klunnalegur karl				
arlaki	no	k/kk		hrumt og vanmegna gamalmenni	niðrandi/ljótt orð yfir karla	Gamall maður				
árlaki	no	k/kk		hrumt og vanmegna gamalmenni	niðrandi/ljótt orð yfir karla	Gamall maður				
átvagl	no	k/kk		mathákur	niðrandi/ljótt orð yfir karla	Maður sem lætur mikið ofan í sig, þurftarfrekur maður				
barri	no	k/kk		þjösni, rusti	niðrandi/ljótt orð yfir karla	Grófur ruddalegur karlmaður, með óheflaða framkomu, sýnir óþokkaskap				
barri	no	k/kk		klunni, klaufi	niðrandi/ljótt orð yfir karla	Klaufskur maður, klunnalegur karl				
bedemi	no	k/kk		dúdemi, afstyrmi	niðrandi/ljótt orð yfir karla	Grófur ruddalegur karlmaður, með óheflaða framkomu, sýnir óþokkaskap				
blína	no	k/kk		hálfgerð rola	niðrandi/ljótt orð yfir karla	Skapgerð: Daufgerður, linur, gagnslítill, latur maður; rola				
blöndulókur	no	k/kk		lítilfjörlegur maður	niðrandi/ljótt orð yfir karla	Skapgerð: Daufgerður, linur, gagnslítill, latur maður; rola				
bófi	no	k/kk		fantur, illmenni	niðrandi/ljótt orð yfir karla	Grófur ruddalegur karlmaður, með óheflaða framkomu, sýnir óþokkaskap				
borubelgur	no	k/kk		niðrandi um mann	niðrandi/ljótt orð yfir karla	Almenn ljót orð um karlmenn				
bósi	no	k/kk		kvennamaður	niðrandi/ljótt orð yfir karla	Kvensamur maður				
broðháfur	no	k/kk		ruddi, durtur	niðrandi/ljótt orð yfir karla	Grófur ruddalegur karlmaður, með óheflaða framkomu, sýnir óþokkaskap				
bulla	no	k/kk		áflogahundur, svoli, ódámur	niðrandi/ljótt orð yfir karla	Grófur ruddalegur karlmaður, með óheflaða framkomu, sýnir óþokkaskap				
bullari	no	k/kk		blaðrari, sá sem bullar	niðrandi/ljótt orð yfir karla	Masgefinn karl og oft kjöftugur				
bullukeli	no	k/kk		masgepill, blaðrari	niðrandi/ljótt orð yfir karla	Masgefinn karl og oft kjöftugur				
bullukeri	no	k/kk		masgepill, blaðrari	niðrandi/ljótt orð yfir karla	Masgefinn karl og oft kjöftugur				
bullukollur	no	k/kk		masgepill, blaðrari	niðrandi/ljótt orð yfir karla	Masgefinn karl og oft kjöftugur				
bullustampur	no	k/kk		masgepill, blaðrari	niðrandi/ljótt orð yfir karla	Masgefinn karl og oft kjöftugur				
bullustrokkur	no	k/kk		flautaþyrill, froðusnakkur	niðrandi/ljótt orð yfir karla	Fljótfær karlmaður, óstöðuglyndur karl				
búri	no	k/kk		ruddi, dóni	niðrandi/ljótt orð yfir karla	Grófur ruddalegur karlmaður, með óheflaða framkomu, sýnir óþokkaskap				
búri	no	k/kk		nískur maður, nirfill	niðrandi/ljótt orð yfir karla	Maður fastheldinn á fé				
buxnaskjóni	no	k/kk		oflátungur, spjátrungur, látsari, spóki	niðrandi/ljótt orð yfir karla	Montinn karlmaður, spjátrungur, oflátungur, drambsamur karl				
darri	no	k/kk		uppivöðslumaður, garralegur og fyrirgangsmikill maður	niðrandi/ljótt orð yfir karla	Grófur ruddalegur karlmaður, með óheflaða framkomu, sýnir óþokkaskap				
dauðablóð	no	k/kk		letingi 	niðrandi/ljótt orð yfir karla	Skapgerð: Daufgerður, linur, gagnslítill, latur maður; rola				
dauðyfli	no	k/kk		rola, skussi	niðrandi/ljótt orð yfir karla	Skapgerð: Daufgerður, linur, gagnslítill, latur maður; rola				
daufingi	no	k/kk		dauðyfli, rola, lingerður maður	niðrandi/ljótt orð yfir karla	Skapgerð: Daufgerður, linur, gagnslítill, latur maður; rola				
dellumakari	no	k/kk		skammaryrði um mann	niðrandi/ljótt orð yfir karla	Almenn ljót orð um karlmenn				
dindilhosi	no	k/kk		montrass, rogginn óábyrgur maður	niðrandi/ljótt orð yfir karla	Montinn karlmaður, spjátrungur, oflátungur, drambsamur karl				
doðneyti	no	k/kk		daufgerður maður; náttúrulaus tarfur	niðrandi/ljótt orð yfir karla	Skapgerð: Daufgerður, linur, gagnslítill, latur maður; rola				
dofningi	no	k/kk		sljór, daufur maður	niðrandi/ljótt orð yfir karla	Skapgerð: Daufgerður, linur, gagnslítill, latur maður; rola				
dofrungur	no	k/kk		daufgerður maður, rola	niðrandi/ljótt orð yfir karla	Skapgerð: Daufgerður, linur, gagnslítill, latur maður; rola				
dolifer	no	k/kk		seinn maður	niðrandi/ljótt orð yfir karla	Skapgerð: Daufgerður, linur, gagnslítill, latur maður; rola				
dónapeysa	no	k/kk		skammaryrði um dónalegan mann	niðrandi/ljótt orð yfir karla	Almenn ljót orð um karlmenn				
dóni	no	k/kk		ruddi, rusti, ókurteis maður	niðrandi/ljótt orð yfir karla	Grófur ruddalegur karlmaður, með óheflaða framkomu, sýnir óþokkaskap				
dréli	no	k/kk		drjóli, durgur	niðrandi/ljótt orð yfir karla	Grófur ruddalegur karlmaður, með óheflaða framkomu, sýnir óþokkaskap				
drellir	no	k/kk		klaufi, hlunkur	niðrandi/ljótt orð yfir karla	Klaufskur maður, klunnalegur karl				
drembildrútur	no	k/kk		hrokafullur mðaur	niðrandi/ljótt orð yfir karla					
drengræfill	no	k/kk			niðrandi/ljótt orð yfir karla	 				
drjólhakkari	no	k/kk		seinfær maður, latur	niðrandi/ljótt orð yfir karla	Skapgerð: Daufgerður, linur, gagnslítill, latur maður; rola				
drjóni	no	k/kk		ruddamenni	niðrandi/ljótt orð yfir karla	Grófur ruddalegur karlmaður, með óheflaða framkomu, sýnir óþokkaskap				
dröttólfur	no	k/kk		slóði skussi	niðrandi/ljótt orð yfir karla	Skapgerð: Daufgerður, linur, gagnslítill, latur maður; rola				
dröttull	no	k/kk		dröttólfur	niðrandi/ljótt orð yfir karla	Skapgerð: Daufgerður, linur, gagnslítill, latur maður; rola				
dröttungur	no	k/kk		latur maður	niðrandi/ljótt orð yfir karla	Skapgerð: Daufgerður, linur, gagnslítill, latur maður; rola				
drubbi	no	k/kk		durgur	niðrandi/ljótt orð yfir karla	Grófur ruddalegur karlmaður, með óheflaða framkomu, sýnir óþokkaskap				
drulluháleistur	no	k/kk		ómenni, lubbi, ódámur	niðrandi/ljótt orð yfir karla	Grófur ruddalegur karlmaður, með óheflaða framkomu, sýnir óþokkaskap				
drullulurkur	no	k/kk		ómenni, lubbi, ódámur	niðrandi/ljótt orð yfir karla	Grófur ruddalegur karlmaður, með óheflaða framkomu, sýnir óþokkaskap				
drullusokkur	no	k/kk		ómenni, lubbi, ódámur	niðrandi/ljótt orð yfir karla	Grófur ruddalegur karlmaður, með óheflaða framkomu, sýnir óþokkaskap				
drumbur	no	k/kk		stirðlegur maður, þur í viðmóti	niðrandi/ljótt orð yfir karla	Skapgerð: Geðstirður, uppstökkur maður				
drussi	no	k/kk		rusti, durtur, dóni	niðrandi/ljótt orð yfir karla	Grófur ruddalegur karlmaður, með óheflaða framkomu, sýnir óþokkaskap				
drútur	no	k/kk		durtslegur maður, ódaunn; lélegur hrútur	niðrandi/ljótt orð yfir karla	Skapgerð: Geðstirður, uppstökkur maður				
drymbildrútur	no	k/kk		drumbslegur maður	niðrandi/ljótt orð yfir karla	Skapgerð: Geðstirður, uppstökkur maður				
duddari	no	k/kk		seinlátur maður	niðrandi/ljótt orð yfir karla	Skapgerð: Daufgerður, linur, gagnslítill, latur maður; rola				
duddi	no	k/kk		seinlátur maður	niðrandi/ljótt orð yfir karla	Skapgerð: Daufgerður, linur, gagnslítill, latur maður; rola				
dúdemi	no	k/kk		afstyrmi, ódemi, bedemi	niðrandi/ljótt orð yfir karla	Grófur ruddalegur karlmaður, með óheflaða framkomu, sýnir óþokkaskap				
dúði	no	k/kk		duddi, seinlátur maður	niðrandi/ljótt orð yfir karla	Skapgerð: Daufgerður, linur, gagnslítill, latur maður; rola				
durgur	no	k/kk		ruddi, rusti 	niðrandi/ljótt orð yfir karla	Grófur ruddalegur karlmaður, með óheflaða framkomu, sýnir óþokkaskap				
durni	no	k/kk		durtur	niðrandi/ljótt orð yfir karla	Grófur ruddalegur karlmaður, með óheflaða framkomu, sýnir óþokkaskap				
durtur	no	k/kk		rusti, drussi	niðrandi/ljótt orð yfir karla	Grófur ruddalegur karlmaður, með óheflaða framkomu, sýnir óþokkaskap				
dusilmenni	no	k/kk		ómenni	niðrandi/ljótt orð yfir karla	Grófur ruddalegur karlmaður, með óheflaða framkomu, sýnir óþokkaskap				
dusungur	no	k/kk		seinlátur maður en þó seigur	niðrandi/ljótt orð yfir karla	Skapgerð: Daufgerður, linur, gagnslítill, latur maður; rola				
dúsungur	no	k/kk		seinlátur maður en þó seigur	niðrandi/ljótt orð yfir karla	Skapgerð: Daufgerður, linur, gagnslítill, latur maður; rola				
eiturkveita	no	k/kk		illyrmi, ódráttur, harður maður	niðrandi/ljótt orð yfir karla	Grófur ruddalegur karlmaður, með óheflaða framkomu, sýnir óþokkaskap				
eiturnaggur	no	k/kk		illyrmi, ódráttur, harður maður	niðrandi/ljótt orð yfir karla	Grófur ruddalegur karlmaður, með óheflaða framkomu, sýnir óþokkaskap				
eiturnagli	no	k/kk		illyrmi, ódráttur, harður maður	niðrandi/ljótt orð yfir karla	Grófur ruddalegur karlmaður, með óheflaða framkomu, sýnir óþokkaskap				
fáki	no	k/kk		fljótfær maður	niðrandi/ljótt orð yfir karla	Fljótfær karlmaður, óstöðuglyndur karl				
fákur	no	k/kk		fljótfær maður	niðrandi/ljótt orð yfir karla	Fljótfær karlmaður, óstöðuglyndur karl				
fantur	no	k/kk		harðleikinn, óvæginn maður	niðrandi/ljótt orð yfir karla	Grófur ruddalegur karlmaður, með óheflaða framkomu, sýnir óþokkaskap				
fatalúði	no	k/kk		dúði	niðrandi/ljótt orð yfir karla	Skapgerð: Daufgerður, linur, gagnslítill, latur maður; rola				
fauskur	no	k/kk		gamall og slitinn maður	niðrandi/ljótt orð yfir karla	Gamall maður				
féníðingur	no	k/kk		nirfill, svíðingur	niðrandi/ljótt orð yfir karla	Maður fastheldinn á fé				
flagari	no	k/kk		kvennabósi, hrappur í kvennamálum	niðrandi/ljótt orð yfir karla	Kvensamur maður				
flágellir	no	k/kk		hávær, flámæltur maður	niðrandi/ljótt orð yfir karla	Hávaðamaður				
flaki	no	k/kk		léttúðugur maður	niðrandi/ljótt orð yfir karla	Kvensamur maður				
flautaþyrill	no	k/kk		óstöðuglyndur maður, sá sem er með hringlandahátt	niðrandi/ljótt orð yfir karla	Fljótfær karlmaður, óstöðuglyndur karl				
flosi	no	k/kk		hviklyndur, léttúðugur maður í kvennamálum	niðrandi/ljótt orð yfir karla	Kvensamur maður				
flösungur	no	k/kk		flysjungur, hvikull maður	niðrandi/ljótt orð yfir karla	Kvensamur maður				
flottræfill	no	k/kk		oflátungur, spjátrungur, látsari, spóki	niðrandi/ljótt orð yfir karla	Montinn karlmaður, spjátrungur, oflátungur, drambsamur karl				
fluðrukollur	no	k/kk		fljótfær, óðagotslegur maður	niðrandi/ljótt orð yfir karla	Fljótfær karlmaður, óstöðuglyndur karl				
fluðruvaskur	no	k/kk		maður sem ekki er mikið að marka þott mikið segi	niðrandi/ljótt orð yfir karla	Falskur, óáreiðanlegur karlmaður				
flughani	no	k/kk		fljótfær maður og laus í rásinni	niðrandi/ljótt orð yfir karla	Fljótfær karlmaður, óstöðuglyndur karl				
flumbrari	no	k/kk		fljótfær maður	niðrandi/ljótt orð yfir karla	Fljótfær karlmaður, óstöðuglyndur karl				
flysjungur	no	k/kk		spjátrungur	niðrandi/ljótt orð yfir karla	Montinn karlmaður, spjátrungur, oflátungur, drambsamur karl				
flysjungur	no	k/kk		hvikull maður, flagari	niðrandi/ljótt orð yfir karla	Kvensamur maður				
fóhorn	no	k/kk		stríðinn maður, meinhorn	niðrandi/ljótt orð yfir karla	Stríðinn karlmaður, hrekkjóttur maður				
freysgeldingur	no	k/kk		rolumenni, gauð, manngarmur	niðrandi/ljótt orð yfir karla	Skapgerð: Daufgerður, linur, gagnslítill, latur maður; rola				
frillusonur	no	k/kk			niðrandi/ljótt orð yfir karla	 				
froðusnakkur	no	k/kk		blaðrari, sá sem talar innantómum orðum	niðrandi/ljótt orð yfir karla	Masgefinn karl og oft kjöftugur				
frumti	no	k/kk		ruddi, frunti	niðrandi/ljótt orð yfir karla	Grófur ruddalegur karlmaður, með óheflaða framkomu, sýnir óþokkaskap				
frunti	no	k/kk		ruddi, dóni, tillitslaus maður	niðrandi/ljótt orð yfir karla	Grófur ruddalegur karlmaður, með óheflaða framkomu, sýnir óþokkaskap				
fuðra	no	k/kk		skapbráður maður	niðrandi/ljótt orð yfir karla	Skapgerð: Geðstirður, uppstökkur maður				
fugl	no	k/kk		spjátrungur	niðrandi/ljótt orð yfir karla	Montinn karlmaður, spjátrungur, oflátungur, drambsamur karl	x			
fúlmenni	no	k/kk		óþokki, ódrengur	niðrandi/ljótt orð yfir karla	Grófur ruddalegur karlmaður, með óheflaða framkomu, sýnir óþokkaskap				
funi	no	k/kk		bráðlyndur maður ; viljugur hestur	niðrandi/ljótt orð yfir karla	Skapgerð: Geðstirður, uppstökkur maður	x			
fýlukoppur	no	k/kk		luntardallur, illa lyntur maður	niðrandi/ljótt orð yfir karla	Skapgerð: Geðstirður, uppstökkur maður				
fýlupoki	no	k/kk		luntardallur, illa lyntur maður	niðrandi/ljótt orð yfir karla	Skapgerð: Geðstirður, uppstökkur maður				
fýlupungur	no	k/kk		niðrandi í samsetningum um menn	niðrandi/ljótt orð yfir karla	Almenn ljót orð um karlmenn				
fýlupungur	no	k/kk		fúllyndur maður	niðrandi/ljótt orð yfir karla	Skapgerð: Geðstirður, uppstökkur maður				
fýlutrantur	no	k/kk		luntardallur, illa lyntur maður	niðrandi/ljótt orð yfir karla	Skapgerð: Geðstirður, uppstökkur maður				
galahjallur	no	k/kk		hávær, fjasgefinn maður	niðrandi/ljótt orð yfir karla	Hávaðamaður				
gáli	no	k/kk		hrekkjalómur	niðrandi/ljótt orð yfir karla	Stríðinn karlmaður, hrekkjóttur maður				
gámur	no	k/kk		mathákur	niðrandi/ljótt orð yfir karla	Maður sem lætur mikið ofan í sig, þurftarfrekur maður				
gandálfur	no	k/kk		gösulegur strákur	niðrandi/ljótt orð yfir karla	Almennt ljót orð um stráka				
gandólfur	no	k/kk		grófgerður maður	niðrandi/ljótt orð yfir karla	Grófur ruddalegur karlmaður, með óheflaða framkomu, sýnir óþokkaskap				
gapi	no	k/kk		fífldjarfur maður óvarkár maður	niðrandi/ljótt orð yfir karla	Fljótfær karlmaður, óstöðuglyndur karl				
gari	no	k/kk		dramblátur maður	niðrandi/ljótt orð yfir karla	Montinn karlmaður, spjátrungur, oflátungur, drambsamur karl				
gári	no	k/kk		hrekkjóttur maður	niðrandi/ljótt orð yfir karla	Stríðinn karlmaður, hrekkjóttur maður				
garri	no	k/kk		rosti, frekja	niðrandi/ljótt orð yfir karla	Grófur ruddalegur karlmaður, með óheflaða framkomu, sýnir óþokkaskap				
gasi	no	k/kk		ofsafenginn og óvarkár maður	niðrandi/ljótt orð yfir karla	Fljótfær karlmaður, óstöðuglyndur karl				
gassi	no	k/kk		spjátrungur, gortari	niðrandi/ljótt orð yfir karla	Montinn karlmaður, spjátrungur, oflátungur, drambsamur karl				
gauð	no	k/kk		raggeit, vesældarlegur maður	niðrandi/ljótt orð yfir karla	Skapgerð: Daufgerður, linur, gagnslítill, latur maður; rola				
gaufari	no	k/kk		seinlátur maður	niðrandi/ljótt orð yfir karla	Skapgerð: Daufgerður, linur, gagnslítill, latur maður; rola				
gaur	no	k/kk		strákur, óþokki, dóni	niðrandi/ljótt orð yfir karla	Almenn ljót orð um karlmenn				
gauti	no	k/kk		gangmikill strákur	niðrandi/ljótt orð yfir karla	Almennt ljót orð um stráka				
geðlúða	no	k/kk		geðlaus maður	niðrandi/ljótt orð yfir karla	Skapgerð: Daufgerður, linur, gagnslítill, latur maður; rola				
gemlingur	no	k/kk		strákur, piltungur, manngarmur; veturgömul kind	niðrandi/ljótt orð yfir karla	Almennt ljót orð um stráka				
gemsi	no	k/kk		ómerkilegur strákur (maður); gemlingur	niðrandi/ljótt orð yfir karla	Almennt ljót orð um stráka				
gepill	no	k/kk		ómenni	niðrandi/ljótt orð yfir karla	Grófur ruddalegur karlmaður, með óheflaða framkomu, sýnir óþokkaskap				
gikkur	no	k/kk		drembinn maður, oflátungur	niðrandi/ljótt orð yfir karla	Montinn karlmaður, spjátrungur, oflátungur, drambsamur karl				
gissari	no	k/kk		gortari	niðrandi/ljótt orð yfir karla	Montinn karlmaður, spjátrungur, oflátungur, drambsamur karl				
gjálífismaður	no	k/kk			niðrandi/ljótt orð yfir karla					
gjálífisseggur	no	k/kk			niðrandi/ljótt orð yfir karla					
glæél	no	k/kk		manngarmur	niðrandi/ljótt orð yfir karla	Skapgerð: Daufgerður, linur, gagnslítill, latur maður; rola				
glæfrarokkur	no	k/kk		klækismaður, varasamur maður	niðrandi/ljótt orð yfir karla	Falskur, óáreiðanlegur karlmaður				
glammi	no	k/kk		hávær kjaftaskúmur	niðrandi/ljótt orð yfir karla	Hávaðamaður				
glammi	no	k/kk		bullari, blaðrari	niðrandi/ljótt orð yfir karla	Masgefinn karl og oft kjöftugur				
glanni	no	k/kk		fljótfær, fífldjarfur maður	niðrandi/ljótt orð yfir karla	Fljótfær karlmaður, óstöðuglyndur karl				
glaumgosi	no	k/kk			niðrandi/ljótt orð yfir karla					
gleðigosi	no	k/kk		oflátungur, flysjungur	niðrandi/ljótt orð yfir karla	Montinn karlmaður, spjátrungur, oflátungur, drambsamur karl				
glenniverk	no	k/kk		gleðigosi	niðrandi/ljótt orð yfir karla	Montinn karlmaður, spjátrungur, oflátungur, drambsamur karl				
glerjabrúsi	no	k/kk		ómerkilegur kjaftaskur	niðrandi/ljótt orð yfir karla	Masgefinn karl og oft kjöftugur				
glommur	no	k/kk		yfirgangsseggur	niðrandi/ljótt orð yfir karla	Grófur ruddalegur karlmaður, með óheflaða framkomu, sýnir óþokkaskap				
glommur	no	k/kk		hávær maður	niðrandi/ljótt orð yfir karla	Hávaðamaður				
glorri	no	k/kk		rusti, maður fyrirferðarmikill í fasi	niðrandi/ljótt orð yfir karla	Grófur ruddalegur karlmaður, með óheflaða framkomu, sýnir óþokkaskap				
gomsari	no	k/kk		oflátungur	niðrandi/ljótt orð yfir karla	Montinn karlmaður, spjátrungur, oflátungur, drambsamur karl				
göndólfur	no	k/kk		göslarastrákur	niðrandi/ljótt orð yfir karla	Almennt ljót orð um stráka				
gorlykkja	no	k/kk		mjög linur maður	niðrandi/ljótt orð yfir karla	Skapgerð: Daufgerður, linur, gagnslítill, latur maður; rola				
gortari	no	k/kk		drembinn mðaur	niðrandi/ljótt orð yfir karla	Montinn karlmaður, spjátrungur, oflátungur, drambsamur karl				
gotuskellir	no	k/kk		ólátabelgur	niðrandi/ljótt orð yfir karla	Almennt ljót orð um stráka				
götuskellir	no	k/kk		hávaðasamur og lítið greindur maður	niðrandi/ljótt orð yfir karla	Hávaðamaður				
graðhestur	no	k/kk			niðrandi/ljótt orð yfir karla					
grjónapungur	no	k/kk		niðrandi um mann	niðrandi/ljótt orð yfir karla	Almenn ljót orð um karlmenn				
grobbari	no	k/kk		maður sem grobbar	niðrandi/ljótt orð yfir karla	Montinn karlmaður, spjátrungur, oflátungur, drambsamur karl				
grobbías	no	k/kk		maður sem grobbar	niðrandi/ljótt orð yfir karla	Montinn karlmaður, spjátrungur, oflátungur, drambsamur karl				
groddi	no	k/kk		ruddafenginn maður	niðrandi/ljótt orð yfir karla	Grófur ruddalegur karlmaður, með óheflaða framkomu, sýnir óþokkaskap				
grútarháleistur	no	k/kk		svíðingur, nirfill	niðrandi/ljótt orð yfir karla	Maður fastheldinn á fé				
grútur	no	k/kk		svíðingur, nirfill	niðrandi/ljótt orð yfir karla	Maður fastheldinn á fé				
guddilon	no	k/kk		hálgerður ræfill	niðrandi/ljótt orð yfir karla	Skapgerð: Daufgerður, linur, gagnslítill, latur maður; rola				
guðsgeldingur	no	k/kk		rolumenni, gauð, manngarmur	niðrandi/ljótt orð yfir karla	Skapgerð: Daufgerður, linur, gagnslítill, latur maður; rola				
hærulangur	no	k/kk		ómerkingur 	niðrandi/ljótt orð yfir karla	Almenn ljót orð um karlmenn				
hafnagapi	no	k/kk		yfirgangssamur maður	niðrandi/ljótt orð yfir karla	Grófur ruddalegur karlmaður, með óheflaða framkomu, sýnir óþokkaskap				
hágóni	no	k/kk		maður brattur með sig	niðrandi/ljótt orð yfir karla	Montinn karlmaður, spjátrungur, oflátungur, drambsamur karl				
hákur	no	k/kk		matgráðugur maður	niðrandi/ljótt orð yfir karla	Maður sem lætur mikið ofan í sig, þurftarfrekur maður				
halljunkur	no	k/kk		dusilmenni, ótraustur maður, beggja handa járn	niðrandi/ljótt orð yfir karla	Grófur ruddalegur karlmaður, með óheflaða framkomu, sýnir óþokkaskap				
hamur	no	k/kk		skass, geðillur maður	niðrandi/ljótt orð yfir karla	Skapgerð: Geðstirður, uppstökkur maður				
hámur	no	k/kk		gámur átvagl	niðrandi/ljótt orð yfir karla	Maður sem lætur mikið ofan í sig, þurftarfrekur maður				
hani	no	k/kk		fljótfær maður og óstöðugur í rásinni	niðrandi/ljótt orð yfir karla	Fljótfær karlmaður, óstöðuglyndur karl				
harðjaxl	no	k/kk		hörkutól, harðbrjósta maður	niðrandi/ljótt orð yfir karla	Grófur ruddalegur karlmaður, með óheflaða framkomu, sýnir óþokkaskap				
harðnjáll	no	k/kk		hörkutól, harðbrjósta maður	niðrandi/ljótt orð yfir karla	Grófur ruddalegur karlmaður, með óheflaða framkomu, sýnir óþokkaskap				
harðnjóli	no	k/kk		hörkutól, harðbrjósta maður	niðrandi/ljótt orð yfir karla	Grófur ruddalegur karlmaður, með óheflaða framkomu, sýnir óþokkaskap				
hari	no	k/kk		hrani rostamenni	niðrandi/ljótt orð yfir karla	Grófur ruddalegur karlmaður, með óheflaða framkomu, sýnir óþokkaskap				
heigull	no	k/kk		bleyða, raggeit	niðrandi/ljótt orð yfir karla	Skapgerð: Daufgerður, linur, gagnslítill, latur maður; rola				
heimótti	no	k/kk		feiminn og klaufalegur mðaur	niðrandi/ljótt orð yfir karla	Klaufskur maður, klunnalegur karl				
heimótti	no	k/kk		mannleysa, rola, löðurmenni	niðrandi/ljótt orð yfir karla	Skapgerð: Daufgerður, linur, gagnslítill, latur maður; rola				
hémóna	no	k/kk		rola, sljór maður	niðrandi/ljótt orð yfir karla	Skapgerð: Daufgerður, linur, gagnslítill, latur maður; rola				
héna	no	k/kk		rola, lúpulegur maður	niðrandi/ljótt orð yfir karla	Skapgerð: Daufgerður, linur, gagnslítill, latur maður; rola				
hengilmæna	no	k/kk		dáðleysingi, verksmár maður, ónytjungur	niðrandi/ljótt orð yfir karla	Skapgerð: Daufgerður, linur, gagnslítill, latur maður; rola				
héragaukur	no	k/kk		flysjungslegur maður	niðrandi/ljótt orð yfir karla	Montinn karlmaður, spjátrungur, oflátungur, drambsamur karl				
hérakoppur	no	k/kk		undirlægjulegur maður	niðrandi/ljótt orð yfir karla	Falskur, óáreiðanlegur karlmaður				
héri	no	k/kk		hégómlegur maður	niðrandi/ljótt orð yfir karla	Montinn karlmaður, spjátrungur, oflátungur, drambsamur karl				
héri	no	k/kk		hugleysingi raggeit	niðrandi/ljótt orð yfir karla	Skapgerð: Daufgerður, linur, gagnslítill, latur maður; rola				
hérvillingur	no	k/kk		hjáræna, hjárænulegur maður	niðrandi/ljótt orð yfir karla	Skapgerð: Daufgerður, linur, gagnslítill, latur maður; rola				
heybrók	no	k/kk		bleyða, hugleysingi	niðrandi/ljótt orð yfir karla	Skapgerð: Daufgerður, linur, gagnslítill, latur maður; rola				
himbrimi	no	k/kk		hvikull maður, flagari, spjátrungur	niðrandi/ljótt orð yfir karla	Montinn karlmaður, spjátrungur, oflátungur, drambsamur karl				
hjáræna	no	k/kk		sauðarlegur maður	niðrandi/ljótt orð yfir karla	Skapgerð: Daufgerður, linur, gagnslítill, latur maður; rola				
hlaupgosi	no	k/kk		lausingi, óstöðugur maður	niðrandi/ljótt orð yfir karla	Fljótfær karlmaður, óstöðuglyndur karl				
hlésari	no	k/kk		sérhlífinn maður	niðrandi/ljótt orð yfir karla	Skapgerð: Daufgerður, linur, gagnslítill, latur maður; rola				
höfuðhleypingur	no	k/kk		maður óstöðugur í rásinni	niðrandi/ljótt orð yfir karla	Fljótfær karlmaður, óstöðuglyndur karl				
hólbrók	no	k/kk		sjálfhælinn maður	niðrandi/ljótt orð yfir karla	Montinn karlmaður, spjátrungur, oflátungur, drambsamur karl				
hólkur	no	k/kk		niðrunarorð, (gamall) maður	niðrandi/ljótt orð yfir karla	Gamall maður				
hónefur	no	k/kk		lastyrði um mann	niðrandi/ljótt orð yfir karla	Almenn ljót orð um karlmenn				
hoppinprex	no	k/kk		montrass	niðrandi/ljótt orð yfir karla	Montinn karlmaður, spjátrungur, oflátungur, drambsamur karl				
hórkarl	no	k/kk			niðrandi/ljótt orð yfir konur	 				"
"
hórmaður	no	k/kk			niðrandi/ljótt orð yfir karla					
hornabulla	no	k/kk		uppskafningur, montinn maður	niðrandi/ljótt orð yfir karla	Montinn karlmaður, spjátrungur, oflátungur, drambsamur karl				
hórusonur	no	k/kk	n		niðrandi/ljótt orð yfir konur	 				"
"
hráæti	no	k/kk		falskur maður, óáreiðanleg persóna	niðrandi/ljótt orð yfir karla	Falskur, óáreiðanlegur karlmaður				
hræfugl	no	k/kk		falskur maður 	niðrandi/ljótt orð yfir karla	Falskur, óáreiðanlegur karlmaður				
hrani	no	k/kk		ruddamenni, hryssingslegur maður	niðrandi/ljótt orð yfir karla	Grófur ruddalegur karlmaður, með óheflaða framkomu, sýnir óþokkaskap				
hreðubassi	no	k/kk		klunni, silalegur maður	niðrandi/ljótt orð yfir karla	Klaufskur maður, klunnalegur karl				
hrekkjagífill	no	k/kk		sá sem ástundar hrekki	niðrandi/ljótt orð yfir karla	Stríðinn karlmaður, hrekkjóttur maður				
hrekkjaklápur	no	k/kk		sá sem ástundar hrekki	niðrandi/ljótt orð yfir karla	Stríðinn karlmaður, hrekkjóttur maður				
hrekkjalimur	no	k/kk		sá sem ástundar hrekki	niðrandi/ljótt orð yfir karla	Stríðinn karlmaður, hrekkjóttur maður				
hrekkjalómur	no	k/kk		sá sem ástundar hrekki	niðrandi/ljótt orð yfir karla	Stríðinn karlmaður, hrekkjóttur maður				
hroðajarpur	no	k/kk		hroðvirkur maður	niðrandi/ljótt orð yfir karla	Hroðvirkur karlmaður				
hroði	no	k/kk		ruddi, hrotti	niðrandi/ljótt orð yfir karla	Grófur ruddalegur karlmaður, með óheflaða framkomu, sýnir óþokkaskap				
hroðjarpur	no	k/kk		ruddamenni	niðrandi/ljótt orð yfir karla	Grófur ruddalegur karlmaður, með óheflaða framkomu, sýnir óþokkaskap				
hroðkálfur	no	k/kk		ruddamenni	niðrandi/ljótt orð yfir karla	Grófur ruddalegur karlmaður, með óheflaða framkomu, sýnir óþokkaskap				
hroðklápur	no	k/kk		ruddamenni	niðrandi/ljótt orð yfir karla	Grófur ruddalegur karlmaður, með óheflaða framkomu, sýnir óþokkaskap				
hrognhetta	no	k/kk		þurrpumpulegur maður	niðrandi/ljótt orð yfir karla	Skapgerð: Geðstirður, uppstökkur maður				
hrokagikkur	no	k/kk		drembinn maður, oflátungur	niðrandi/ljótt orð yfir karla	Montinn karlmaður, spjátrungur, oflátungur, drambsamur karl				
hrökkáll	no	k/kk		maður sem ekki er treystandi á	niðrandi/ljótt orð yfir karla	Falskur, óáreiðanlegur karlmaður				
hromsari	no	k/kk		grófgerður hávaðamaður	niðrandi/ljótt orð yfir karla	Hávaðamaður				
hrösulmenni	no	k/kk		svaðamenni	niðrandi/ljótt orð yfir karla	Grófur ruddalegur karlmaður, með óheflaða framkomu, sýnir óþokkaskap				
hryssugrallari	no	k/kk		tuðrutjaldur	niðrandi/ljótt orð yfir karla	Hávaðamaður				
huklari	no	k/kk		undirförull, óhreinlyndur maður	niðrandi/ljótt orð yfir karla	Falskur, óáreiðanlegur karlmaður				
hulduhrútur	no	k/kk		sá sem ekki lætur uppi hreinskilningslega álit sitt	niðrandi/ljótt orð yfir karla	Falskur, óáreiðanlegur karlmaður				
húnamengi	no	k/kk		ómerkilegur maður	niðrandi/ljótt orð yfir karla	Almenn ljót orð um karlmenn				
hundaklyfberi	no	k/kk		ómerkingur, þorpari	niðrandi/ljótt orð yfir karla	Almenn ljót orð um karlmenn				
hundlápa	no	k/kk		laumulegur maður	niðrandi/ljótt orð yfir karla	Falskur, óáreiðanlegur karlmaður				
hundspott	no	k/kk		úrþvætti, hrakmenni	niðrandi/ljótt orð yfir karla	Grófur ruddalegur karlmaður, með óheflaða framkomu, sýnir óþokkaskap				
húski	no	k/kk		svíðingur, nískur maður	niðrandi/ljótt orð yfir karla	Maður fastheldinn á fé				
hvatabúss	no	k/kk		fljótfær maður	niðrandi/ljótt orð yfir karla	Fljótfær karlmaður, óstöðuglyndur karl				
hvinill	no	k/kk		hávaðamaður; ókyrr og rásgjarn hestur	niðrandi/ljótt orð yfir karla	Hávaðamaður				
hvinn	no	k/kk		svíðingur, nirfill	niðrandi/ljótt orð yfir karla	Maður fastheldinn á fé				
hvolpur	no	k/kk		oft niðrandi um krakka eða unglinga	niðrandi/ljótt orð yfir karla	Almennt ljót orð um stráka				
hvomur	no	k/kk		hámur, matgoggur	niðrandi/ljótt orð yfir karla	Maður sem lætur mikið ofan í sig, þurftarfrekur maður				
kallgreyið	no	k/kk			niðrandi/ljótt orð yfir konur	 				"
"
káretlingur	no	k/kk		lítilfjörlegur maður	niðrandi/ljótt orð yfir karla	Almenn ljót orð um karlmenn				
karlaumingi	no	k/kk			niðrandi/ljótt orð yfir karla	 				
karlfauskur	no	k/kk		gamall og slitinn maður	niðrandi/ljótt orð yfir karla	Gamall maður				
karlhlunkur	no	k/kk			niðrandi/ljótt orð yfir konur	 				
karlhólkur	no	k/kk		niðrunarorð, (gamall) maður	niðrandi/ljótt orð yfir karla	Gamall maður				
karlhrota	no	k/kk		karlfauskur	niðrandi/ljótt orð yfir karla	Gamall maður				
karlhrotti	no	k/kk			niðrandi/ljótt orð yfir karla	 				
karlpungur	no	k/kk		niðrandi í samsetningum um menn	niðrandi/ljótt orð yfir karla	Almenn ljót orð um karlmenn				
Karlpungur	no	k/kk		Karlmaður	niðrandi/ljótt orð yfir konur	 				"
"
kauði	no	k/kk		leiðindapési	niðrandi/ljótt orð yfir karla	Almenn ljót orð um karlmenn				
kauði	no	k/kk		kurfur, durtur, leiðindapési	niðrandi/ljótt orð yfir karla	Skapgerð: Geðstirður, uppstökkur maður				
kerlingaraumingi	no	k/kk			niðrandi/ljótt orð yfir karla	 				
kjaftalómur	no	k/kk		blaðrari, kjöftugur maður	niðrandi/ljótt orð yfir karla	Masgefinn karl og oft kjöftugur				
kjaftás	no	k/kk		froðusnakkur, blaðrari, lausmáll maður	niðrandi/ljótt orð yfir karla	Masgefinn karl og oft kjöftugur				
kjaftaskúmur	no	k/kk		blaðrari, kjöftugur maður	niðrandi/ljótt orð yfir karla	Masgefinn karl og oft kjöftugur				
kjaftaskur	no	k/kk		froðusnakkur, blaðrari, lausmáll maður	niðrandi/ljótt orð yfir karla	Masgefinn karl og oft kjöftugur				
kjaftasnápur	no	k/kk		blaðrari, kjöftugur maður	niðrandi/ljótt orð yfir karla	Masgefinn karl og oft kjöftugur				
klækismaður	no	k/kk		falskur maður, klækjóttur	niðrandi/ljótt orð yfir karla	Falskur, óáreiðanlegur karlmaður				
klaufi	no	k/kk		klunni, klaufskur maður	niðrandi/ljótt orð yfir karla	Klaufskur maður, klunnalegur karl				
klunni	no	k/kk		ruddi, grófgerður maður	niðrandi/ljótt orð yfir karla	Grófur ruddalegur karlmaður, með óheflaða framkomu, sýnir óþokkaskap				
klunni	no	k/kk		klaufi	niðrandi/ljótt orð yfir karla	Klaufskur maður, klunnalegur karl				
kogni	no	k/kk		óþokki 	niðrandi/ljótt orð yfir karla	Grófur ruddalegur karlmaður, með óheflaða framkomu, sýnir óþokkaskap				
kræfa	no	k/kk		lingerður maður, kveif bleiða	niðrandi/ljótt orð yfir karla	Skapgerð: Daufgerður, linur, gagnslítill, latur maður; rola				
krefeti	no	k/kk		aumingi, kveif	niðrandi/ljótt orð yfir karla	Skapgerð: Daufgerður, linur, gagnslítill, latur maður; rola				
kuði	no	k/kk		strákpatti	niðrandi/ljótt orð yfir karla	Almennt ljót orð um stráka				
kújóni	no	k/kk		lydda, dáðleysingi	niðrandi/ljótt orð yfir karla	Skapgerð: Daufgerður, linur, gagnslítill, latur maður; rola				
kumpur	no	k/kk		mannleysa	niðrandi/ljótt orð yfir karla	Almenn ljót orð um karlmenn				
kveita	no	k/kk		kveif, kjarklítill maður	niðrandi/ljótt orð yfir karla	Skapgerð: Daufgerður, linur, gagnslítill, latur maður; rola				
kvennabósi	no	k/kk		kvennamaður	niðrandi/ljótt orð yfir karla	Kvensamur maður				
kvennaflosi	no	k/kk		léttúðugur maður í kvennamálum 	niðrandi/ljótt orð yfir karla	Kvensamur maður				
kvennagosi	no	k/kk		léttúðugur maður í kvennamálum 	niðrandi/ljótt orð yfir karla	Kvensamur maður				
labbakútur	no	k/kk		mannleysa, lubbamenni	niðrandi/ljótt orð yfir karla	Almenn ljót orð um karlmenn				
læpa	no	k/kk		duglaus maður	niðrandi/ljótt orð yfir karla	Skapgerð: Daufgerður, linur, gagnslítill, latur maður; rola				
lafsi	no	k/kk		lélegur verkamaður	niðrandi/ljótt orð yfir karla	Klaufskur maður, klunnalegur karl				
larfur	no	k/kk		ómenni, labbakútur	niðrandi/ljótt orð yfir karla	Grófur ruddalegur karlmaður, með óheflaða framkomu, sýnir óþokkaskap				
látsari	no	k/kk		oflátungur, spjátrungur, snipparamenni, spóki	niðrandi/ljótt orð yfir karla	Montinn karlmaður, spjátrungur, oflátungur, drambsamur karl				
lausagopi	no	k/kk		maður með óstöðugt skaplyndi	niðrandi/ljótt orð yfir karla	Fljótfær karlmaður, óstöðuglyndur karl				
lausalopi	no	k/kk		ótraustur maður og laus í rásinni	niðrandi/ljótt orð yfir karla	Fljótfær karlmaður, óstöðuglyndur karl				
lausingi	no	k/kk		léttúðugur maður	niðrandi/ljótt orð yfir karla	Fljótfær karlmaður, óstöðuglyndur karl				
léri	no	k/kk		mannræna	niðrandi/ljótt orð yfir karla	Skapgerð: Daufgerður, linur, gagnslítill, latur maður; rola				
liðleskja	no	k/kk		lélegur verkamaður, verkleysingi	niðrandi/ljótt orð yfir karla	Klaufskur maður, klunnalegur karl				
linsa	no	k/kk		linur maður	niðrandi/ljótt orð yfir karla	Skapgerð: Daufgerður, linur, gagnslítill, latur maður; rola				
lirfa	no	k/kk		duglaus maður	niðrandi/ljótt orð yfir karla	Skapgerð: Daufgerður, linur, gagnslítill, latur maður; rola				
ljóri	no	k/kk		rolumenni 	niðrandi/ljótt orð yfir karla	Skapgerð: Daufgerður, linur, gagnslítill, latur maður; rola				
loddi	no	k/kk		letidraugur	niðrandi/ljótt orð yfir karla	Skapgerð: Daufgerður, linur, gagnslítill, latur maður; rola				
löðurmenni	no	k/kk		skræfa	niðrandi/ljótt orð yfir karla	Skapgerð: Daufgerður, linur, gagnslítill, latur maður; rola				
lubbamenni	no	k/kk		lubbalegur maður, fúlmenni, ódrenglyndur mðaur	niðrandi/ljótt orð yfir karla	Grófur ruddalegur karlmaður, með óheflaða framkomu, sýnir óþokkaskap				
lubbi	no	k/kk		þrjótur, fúlmenni, óþokki	niðrandi/ljótt orð yfir karla	Grófur ruddalegur karlmaður, með óheflaða framkomu, sýnir óþokkaskap				
lúðulaki	no	k/kk		ræfill, skussi, letingi	niðrandi/ljótt orð yfir karla	Skapgerð: Daufgerður, linur, gagnslítill, latur maður; rola				
luntaradallur	no	k/kk		ólundarfullur maður	niðrandi/ljótt orð yfir karla	Skapgerð: Geðstirður, uppstökkur maður				
lunti	no	k/kk		fýlupoki	niðrandi/ljótt orð yfir karla	Skapgerð: Geðstirður, uppstökkur maður				
lúsablesi	no	k/kk		lubbamenni, larfur, lúsapési	niðrandi/ljótt orð yfir karla	Grófur ruddalegur karlmaður, með óheflaða framkomu, sýnir óþokkaskap				
lúsapési	no	k/kk		lúsablesi	niðrandi/ljótt orð yfir karla	Grófur ruddalegur karlmaður, með óheflaða framkomu, sýnir óþokkaskap				
lydda	no	k/kk		vesalmenni, hugleysingi	niðrandi/ljótt orð yfir karla	Skapgerð: Daufgerður, linur, gagnslítill, latur maður; rola				
lygagæra	no	k/kk		sá sem lýgur miklu, stórlygari	niðrandi/ljótt orð yfir karla	Lyginn maður				
lygahlaupur	no	k/kk		sá sem lýgur miklu, stórlygari	niðrandi/ljótt orð yfir karla	Lyginn maður				
lygalaupur	no	k/kk		sá sem lýgur miklu, stórlygari	niðrandi/ljótt orð yfir karla	Lyginn maður				
lygamörður	no	k/kk		sá sem lýgur miklu, stórlygari	niðrandi/ljótt orð yfir karla	Lyginn maður				
lypja	no	k/kk		linkulegur maður eða skepna	niðrandi/ljótt orð yfir karla	Skapgerð: Daufgerður, linur, gagnslítill, latur maður; rola				
lyppukveikur	no	k/kk		lingerður maður 	niðrandi/ljótt orð yfir karla	Skapgerð: Daufgerður, linur, gagnslítill, latur maður; rola				
mannaumingi	no	k/kk			niðrandi/ljótt orð yfir karla	 				
mannkerti	no	k/kk		ómerkilegyr maður	niðrandi/ljótt orð yfir karla	Grófur ruddalegur karlmaður, með óheflaða framkomu, sýnir óþokkaskap				
mannkerti	no	k/kk		montrass	niðrandi/ljótt orð yfir karla	Montinn karlmaður, spjátrungur, oflátungur, drambsamur karl				
mannleri	no	k/kk		mannræna	niðrandi/ljótt orð yfir karla	Skapgerð: Daufgerður, linur, gagnslítill, latur maður; rola				
mannléri	no	k/kk		mannræna	niðrandi/ljótt orð yfir karla	Skapgerð: Daufgerður, linur, gagnslítill, latur maður; rola				
mannleysa	no	k/kk		ónytjungur	niðrandi/ljótt orð yfir karla	Skapgerð: Daufgerður, linur, gagnslítill, latur maður; rola				
mannræfill	no	k/kk			niðrandi/ljótt orð yfir karla	 				
mannræna	no	k/kk		rola, ómenni, kraftsmár maður	niðrandi/ljótt orð yfir karla	Skapgerð: Daufgerður, linur, gagnslítill, latur maður; rola				
masgepill	no	k/kk		masgefinn karl	niðrandi/ljótt orð yfir karla	Masgefinn karl og oft kjöftugur				
matarauga	no	k/kk		mathákur	niðrandi/ljótt orð yfir karla	Maður sem lætur mikið ofan í sig, þurftarfrekur maður				
matgoggur	no	k/kk		matmaður, mathákur	niðrandi/ljótt orð yfir karla	Maður sem lætur mikið ofan í sig, þurftarfrekur maður				
mathákur	no	k/kk		matmaður, átvagl	niðrandi/ljótt orð yfir karla	Maður sem lætur mikið ofan í sig, þurftarfrekur maður				
meingeit	no	k/kk		meinfýsinn maður	niðrandi/ljótt orð yfir karla	Skapgerð: Geðstirður, uppstökkur maður				
mélbein	no	k/kk		lingerður maður	niðrandi/ljótt orð yfir karla	Skapgerð: Daufgerður, linur, gagnslítill, latur maður; rola				
mélráfa	no	k/kk		seinvirkur maður, rola	niðrandi/ljótt orð yfir karla	Skapgerð: Daufgerður, linur, gagnslítill, latur maður; rola				
merarsonur	no	k/kk			niðrandi/ljótt orð yfir karla	 				
montáll	no	k/kk		montinn maður, grobbari	niðrandi/ljótt orð yfir karla	Montinn karlmaður, spjátrungur, oflátungur, drambsamur karl				
montari	no	k/kk		montinn maður, grobbari	niðrandi/ljótt orð yfir karla	Montinn karlmaður, spjátrungur, oflátungur, drambsamur karl				
monthani	no	k/kk		montinn maður, grobbari	niðrandi/ljótt orð yfir karla	Montinn karlmaður, spjátrungur, oflátungur, drambsamur karl				
montingarður	no	k/kk		montinn maður, grobbari	niðrandi/ljótt orð yfir karla	Montinn karlmaður, spjátrungur, oflátungur, drambsamur karl				
montprik	no	k/kk		montinn maður, grobbari	niðrandi/ljótt orð yfir karla	Montinn karlmaður, spjátrungur, oflátungur, drambsamur karl				
montrass	no	k/kk		montinn maður, grobbari	niðrandi/ljótt orð yfir karla	Montinn karlmaður, spjátrungur, oflátungur, drambsamur karl				
móri	no	k/kk		brellinn, undirförull maður	niðrandi/ljótt orð yfir karla	Falskur, óáreiðanlegur karlmaður				
móstrompur	no	k/kk		niðrandi um mann	niðrandi/ljótt orð yfir karla	Almenn ljót orð um karlmenn				
mubbudyndill	no	k/kk		ónytjungur, dugleysingi	niðrandi/ljótt orð yfir karla	Skapgerð: Daufgerður, linur, gagnslítill, latur maður; rola				
náðarbulla	no	k/kk		niðrandi um mann	niðrandi/ljótt orð yfir karla	Almenn ljót orð um karlmenn				
náhænsn	no	k/kk		óartarmaður, kurfur	niðrandi/ljótt orð yfir karla	Skapgerð: Geðstirður, uppstökkur maður				
nirfill	no	k/kk		svíðingur, nískur maður	niðrandi/ljótt orð yfir karla	Maður fastheldinn á fé				
nirfilsneri	no	k/kk		nískur maður 	niðrandi/ljótt orð yfir karla	Maður fastheldinn á fé				
nískubrandur	no	k/kk		nirfill, nískur maður	niðrandi/ljótt orð yfir karla	Maður fastheldinn á fé				
óartargrís	no	k/kk		þægur strákur	niðrandi/ljótt orð yfir karla	Almennt ljót orð um stráka				
óbermi	no	k/kk		óræsti, óhræsi, afstyrmi, úrhrak	niðrandi/ljótt orð yfir karla	Grófur ruddalegur karlmaður, með óheflaða framkomu, sýnir óþokkaskap				
ódámur	no	k/kk		ódráttur, lubbamenni	niðrandi/ljótt orð yfir karla	Grófur ruddalegur karlmaður, með óheflaða framkomu, sýnir óþokkaskap				
ódemi	no	k/kk		óþverri	niðrandi/ljótt orð yfir karla	Grófur ruddalegur karlmaður, með óheflaða framkomu, sýnir óþokkaskap				
ódili	no	k/kk		ódráttur, óræsti	niðrandi/ljótt orð yfir karla	Grófur ruddalegur karlmaður, með óheflaða framkomu, sýnir óþokkaskap				
ódráttur	no	k/kk		þorpari, sluddmenni, mannhrak	niðrandi/ljótt orð yfir karla	Grófur ruddalegur karlmaður, með óheflaða framkomu, sýnir óþokkaskap				
oflátungur	no	k/kk		yfirlætisfullur, steigurlátur maður, maður sem er mikill á lofti	niðrandi/ljótt orð yfir karla	Montinn karlmaður, spjátrungur, oflátungur, drambsamur karl				
ofursgat	no	k/kk		maður mikill á lofti	niðrandi/ljótt orð yfir karla	Montinn karlmaður, spjátrungur, oflátungur, drambsamur karl				
óhræsi	no	k/kk		ódámur, ódráttur	niðrandi/ljótt orð yfir karla	Grófur ruddalegur karlmaður, með óheflaða framkomu, sýnir óþokkaskap				
ómenni	no	k/kk		mannleysa, vesalmenni, varmenni	niðrandi/ljótt orð yfir karla	Grófur ruddalegur karlmaður, með óheflaða framkomu, sýnir óþokkaskap				
ómenni	no	k/kk		mannleysa, vesalmenni	niðrandi/ljótt orð yfir karla	Skapgerð: Daufgerður, linur, gagnslítill, latur maður; rola				
ónotahylki	no	k/kk		geðillur maður, ónotalegur í umgengni	niðrandi/ljótt orð yfir karla	Skapgerð: Geðstirður, uppstökkur maður				
ónytjungur	no	k/kk		duglaus maður	niðrandi/ljótt orð yfir karla	Skapgerð: Daufgerður, linur, gagnslítill, latur maður; rola				
opingátt	no	k/kk		lausmáll maður	niðrandi/ljótt orð yfir karla	Masgefinn karl og oft kjöftugur				
óræsti	no	k/kk		óhræsi, ómenni, ótukt	niðrandi/ljótt orð yfir karla	Grófur ruddalegur karlmaður, með óheflaða framkomu, sýnir óþokkaskap				
orðgífur	no	k/kk		kjaftfor maður ósvífinn í tali	niðrandi/ljótt orð yfir karla	Kjaftfor maður, ósvífinn í tali				
orðgreppur	no	k/kk		kjaftfor maður ósvífinn í tali	niðrandi/ljótt orð yfir karla	Kjaftfor maður, ósvífinn í tali				
orðhákur	no	k/kk		kjaftfor maður ósvífinn í tali	niðrandi/ljótt orð yfir karla	Kjaftfor maður, ósvífinn í tali				
orðklápur	no	k/kk		kjaftfor maður ósvífinn í tali	niðrandi/ljótt orð yfir karla	Kjaftfor maður, ósvífinn í tali				
óskepna	no	k/kk		óhræsi, siðleysingi	niðrandi/ljótt orð yfir karla	Grófur ruddalegur karlmaður, með óheflaða framkomu, sýnir óþokkaskap				
óþokki	no	k/kk		ódámur, fantur, illmenni, rót	niðrandi/ljótt orð yfir karla	Grófur ruddalegur karlmaður, með óheflaða framkomu, sýnir óþokkaskap				
peyjaloddi	no	k/kk		lastyrði um strák	niðrandi/ljótt orð yfir karla	Almennt ljót orð um stráka				
peysa	no	k/kk		rola, skræfa	niðrandi/ljótt orð yfir karla	Skapgerð: Daufgerður, linur, gagnslítill, latur maður; rola				
pjakkur	no	k/kk		strákpatti, naggur	niðrandi/ljótt orð yfir karla	Almennt ljót orð um stráka				
póni	no	k/kk		mannkerti	niðrandi/ljótt orð yfir karla	Almenn ljót orð um karlmenn				
puðlingur	no	k/kk		ómerkilegur, lágkúrulegur maður	niðrandi/ljótt orð yfir karla	Grófur ruddalegur karlmaður, með óheflaða framkomu, sýnir óþokkaskap				
puðrueddi	no	k/kk		snipparamenni, maður mikill á lofti en raunar lítils verður	niðrandi/ljótt orð yfir karla	Montinn karlmaður, spjátrungur, oflátungur, drambsamur karl				
púðurhlunkur	no	k/kk		latur maður, letihlunkur	niðrandi/ljótt orð yfir karla	Skapgerð: Daufgerður, linur, gagnslítill, latur maður; rola				
pungur	no	k/kk		niðrandi í samsetningum um menn	niðrandi/ljótt orð yfir karla	Almenn ljót orð um karlmenn				
pútusonur	no	k/kk			niðrandi/ljótt orð yfir karla	 				
ræksni	no	k/kk		óvandaður maður	niðrandi/ljótt orð yfir karla	Falskur, óáreiðanlegur karlmaður				
ráfukóngur	no	k/kk		rola	niðrandi/ljótt orð yfir karla	Skapgerð: Daufgerður, linur, gagnslítill, latur maður; rola				
ráfulangur	no	k/kk		rola	niðrandi/ljótt orð yfir karla	Skapgerð: Daufgerður, linur, gagnslítill, latur maður; rola				
reddi	no	k/kk		grófgerður, ómerkilegur maður	niðrandi/ljótt orð yfir karla	Grófur ruddalegur karlmaður, með óheflaða framkomu, sýnir óþokkaskap				
refjahundur	no	k/kk		refjóttur maður	niðrandi/ljótt orð yfir karla	Falskur, óáreiðanlegur karlmaður				
retturófa	no	k/kk		afundinn maður, þurr á manninn	niðrandi/ljótt orð yfir karla	Skapgerð: Geðstirður, uppstökkur maður				
robbi	no	k/kk		stórskorinn og montinn maður	niðrandi/ljótt orð yfir karla	Montinn karlmaður, spjátrungur, oflátungur, drambsamur karl				
roðgúll	no	k/kk		manngarmur	niðrandi/ljótt orð yfir karla	Skapgerð: Daufgerður, linur, gagnslítill, latur maður; rola				
roðhænsni	no	k/kk		óbermi, ómerkingur; horað, lítilfjörlegt lamb	niðrandi/ljótt orð yfir karla	Grófur ruddalegur karlmaður, með óheflaða framkomu, sýnir óþokkaskap				
roðhundur	no	k/kk		manngarmur	niðrandi/ljótt orð yfir karla	Skapgerð: Daufgerður, linur, gagnslítill, latur maður; rola				
rokkur	no	k/kk		óáreiðanlegur maður, óvandaður maður	niðrandi/ljótt orð yfir karla	Falskur, óáreiðanlegur karlmaður				
rola	no	k/kk		hugleysingi raggeit	niðrandi/ljótt orð yfir karla	Skapgerð: Daufgerður, linur, gagnslítill, latur maður; rola				
rolumenni	no	k/kk			niðrandi/ljótt orð yfir karla	Skapgerð: Daufgerður, linur, gagnslítill, latur maður; rola				
rosti	no	k/kk		oflátungur	niðrandi/ljótt orð yfir karla	Montinn karlmaður, spjátrungur, oflátungur, drambsamur karl				
rösull	no	k/kk		óvandvirkur maður	niðrandi/ljótt orð yfir karla	Hroðvirkur karlmaður				
rót	no	k/kk		óþokki, ótukt, óhræsi	niðrandi/ljótt orð yfir karla	Grófur ruddalegur karlmaður, með óheflaða framkomu, sýnir óþokkaskap				
rubbi	no	k/kk		ruði, óhrjálegur maður og óheflaður	niðrandi/ljótt orð yfir karla	Grófur ruddalegur karlmaður, með óheflaða framkomu, sýnir óþokkaskap				
ruddi	no	k/kk		dóni, óheflaður maður	niðrandi/ljótt orð yfir karla	Grófur ruddalegur karlmaður, með óheflaða framkomu, sýnir óþokkaskap				
ruði	no	k/kk		óhrjálegur og svolalegur maður	niðrandi/ljótt orð yfir karla	Grófur ruddalegur karlmaður, með óheflaða framkomu, sýnir óþokkaskap				
rumbaldi	no	k/kk		strákkauði	niðrandi/ljótt orð yfir karla	Almennt ljót orð um stráka				
rumpukarl	no	k/kk		rosamenni	niðrandi/ljótt orð yfir karla	Grófur ruddalegur karlmaður, með óheflaða framkomu, sýnir óþokkaskap				
rusólfur	no	k/kk		óvandvirkur maður	niðrandi/ljótt orð yfir karla	Hroðvirkur karlmaður				
rusti	no	k/kk		durtur, kauði, drussi, dóni	niðrandi/ljótt orð yfir karla	Grófur ruddalegur karlmaður, með óheflaða framkomu, sýnir óþokkaskap				
rustikus	no	k/kk		rusti, hávaðasamur maður	niðrandi/ljótt orð yfir karla					
rusull	no	k/kk		hroðvirkur maður	niðrandi/ljótt orð yfir karla	Hroðvirkur karlmaður				
rýna	no	k/kk		rola, lítilfjörleg persóna	niðrandi/ljótt orð yfir karla	Skapgerð: Daufgerður, linur, gagnslítill, latur maður; rola				
rysjaldur	no	k/kk		bráðlyndur, uppstökkur maður	niðrandi/ljótt orð yfir karla	Skapgerð: Geðstirður, uppstökkur maður				
sámur	no	k/kk		átvagl	niðrandi/ljótt orð yfir karla	Maður sem lætur mikið ofan í sig, þurftarfrekur maður				
seiðkonusonur	no	k/kk			niðrandi/ljótt orð yfir karla	 				
setuprestur	no	k/kk		maður þungur til vinnu	niðrandi/ljótt orð yfir karla	Skapgerð: Daufgerður, linur, gagnslítill, latur maður; rola				
sigakeppur	no	k/kk		seinfær, silalegur maður	niðrandi/ljótt orð yfir karla	Skapgerð: Daufgerður, linur, gagnslítill, latur maður; rola				
silakeppur	no	k/kk		seinátur maður, letingi	niðrandi/ljótt orð yfir karla	Skapgerð: Daufgerður, linur, gagnslítill, latur maður; rola				
skækill	no	k/kk		kvennabósi 	niðrandi/ljótt orð yfir karla	Kvensamur maður				
skarfur	no	k/kk		þrjótur	niðrandi/ljótt orð yfir karla	Almenn ljót orð um karlmenn				
skarfur	no	k/kk		þrjótur	niðrandi/ljótt orð yfir karla	Grófur ruddalegur karlmaður, með óheflaða framkomu, sýnir óþokkaskap				
skarfur	no	k/kk		átvagl, mathákur	niðrandi/ljótt orð yfir karla	Maður sem lætur mikið ofan í sig, þurftarfrekur maður				
skaufi	no	k/kk		lítilfjörlegur, smávaxinn maður ; lélegur kálfur eða hrútur	niðrandi/ljótt orð yfir karla	Skapgerð: Daufgerður, linur, gagnslítill, latur maður; rola				
skauli	no	k/kk		niðrandi um mann (labbakútur)	niðrandi/ljótt orð yfir karla	Almenn ljót orð um karlmenn				
skelliglúmur	no	k/kk		málugur, hávær maður	niðrandi/ljótt orð yfir karla					
skelmir	no	k/kk		þorpari, þrjótur	niðrandi/ljótt orð yfir karla	Grófur ruddalegur karlmaður, með óheflaða framkomu, sýnir óþokkaskap				
skjáhrafn	no	k/kk		maður sem er seinn til verka	niðrandi/ljótt orð yfir karla	Skapgerð: Daufgerður, linur, gagnslítill, latur maður; rola				
skjákrummi	no	k/kk		sá sem lætur mikið fyrir sér	niðrandi/ljótt orð yfir karla	Montinn karlmaður, spjátrungur, oflátungur, drambsamur karl				
skjóðuglámur	no	k/kk		hnjóðsyrði um mann	niðrandi/ljótt orð yfir karla	Almenn ljót orð um karlmenn				
skjóðuglanni	no	k/kk		kvennagosi	niðrandi/ljótt orð yfir karla	Kvensamur maður				
skolajarpur	no	k/kk		lyginn, ómerkilegur maður	niðrandi/ljótt orð yfir karla	Lyginn maður				
skrámur	no	k/kk		gamall, hrukkóttur maður	niðrandi/ljótt orð yfir karla	Gamall maður				
skraparot	no	k/kk		óáreiðanlegur maður 	niðrandi/ljótt orð yfir karla	Falskur, óáreiðanlegur karlmaður				
skreppur	no	k/kk		ófrýnilegur eða ruddafenginn maður	niðrandi/ljótt orð yfir karla	Grófur ruddalegur karlmaður, með óheflaða framkomu, sýnir óþokkaskap				
skrjóður	no	k/kk		gamall maður, karlfauskur	niðrandi/ljótt orð yfir karla	Gamall maður				
skröggur	no	k/kk		gamall maður, karlfauskur	niðrandi/ljótt orð yfir karla	Gamall maður				
skrykkildi	no	k/kk		lítilfjörlegur maður, aumingi	niðrandi/ljótt orð yfir karla	Skapgerð: Daufgerður, linur, gagnslítill, latur maður; rola				
skúta	no	k/kk		kjarklaus maður, skræfa, aumingi	niðrandi/ljótt orð yfir karla	Skapgerð: Daufgerður, linur, gagnslítill, latur maður; rola				
slanni	no	k/kk		skussi, mannleysa	niðrandi/ljótt orð yfir karla	Skapgerð: Daufgerður, linur, gagnslítill, latur maður; rola				
slarfi	no	k/kk		trassi, seinlátur maður	niðrandi/ljótt orð yfir karla	Skapgerð: Daufgerður, linur, gagnslítill, latur maður; rola				
slaufi	no	k/kk		leiðindaskarfur	niðrandi/ljótt orð yfir karla	Almenn ljót orð um karlmenn				
slinni	no	k/kk		linur maður og viðbragðsseinn	niðrandi/ljótt orð yfir karla	Skapgerð: Daufgerður, linur, gagnslítill, latur maður; rola				
slóði	no	k/kk		duglítill maður, ónytjungur	niðrandi/ljótt orð yfir karla	Skapgerð: Daufgerður, linur, gagnslítill, latur maður; rola				
slókur	no	k/kk		átvagl	niðrandi/ljótt orð yfir karla	Maður sem lætur mikið ofan í sig, þurftarfrekur maður				
slöngulmenni	no	k/kk		gleðigosi	niðrandi/ljótt orð yfir karla	Montinn karlmaður, spjátrungur, oflátungur, drambsamur karl				
sluddi	no	k/kk		Grófur ruddalegur karlmaður, með óheflaða framkomu, sýnir óþokkaskap	niðrandi/ljótt orð yfir karla	Grófur ruddalegur karlmaður, með óheflaða framkomu, sýnir óþokkaskap				
sluddmenni	no	k/kk		Grófur ruddalegur karlmaður, með óheflaða framkomu, sýnir óþokkaskap	niðrandi/ljótt orð yfir karla	Grófur ruddalegur karlmaður, með óheflaða framkomu, sýnir óþokkaskap				
slugsari	no	k/kk		hægferðugur maður	niðrandi/ljótt orð yfir karla	Skapgerð: Daufgerður, linur, gagnslítill, latur maður; rola				
snipparamenni	no	k/kk		oflátungur, spjátrungur, buxnaskjóni, látsari, spóki	niðrandi/ljótt orð yfir karla	Montinn karlmaður, spjátrungur, oflátungur, drambsamur karl				
soðlopi	no	k/kk		flautaþyrill, ruglukollur	niðrandi/ljótt orð yfir karla	Fljótfær karlmaður, óstöðuglyndur karl				
sollabursti	no	k/kk		ruddalegur og trallgefinn strákur	niðrandi/ljótt orð yfir karla	Grófur ruddalegur karlmaður, með óheflaða framkomu, sýnir óþokkaskap				
sollabusi	no	k/kk		ruddalegur og trallgefinn strákur	niðrandi/ljótt orð yfir karla	Grófur ruddalegur karlmaður, með óheflaða framkomu, sýnir óþokkaskap				
solnabursti	no	k/kk		ruddalegur og trallgefinn strákur	niðrandi/ljótt orð yfir karla	Grófur ruddalegur karlmaður, með óheflaða framkomu, sýnir óþokkaskap				
spaðvettlingur	no	k/kk		maður ónýtur til verka	niðrandi/ljótt orð yfir karla	Klaufskur maður, klunnalegur karl				
spartakus	no	k/kk		óheflaður, ruddalegur maður	niðrandi/ljótt orð yfir karla	Grófur ruddalegur karlmaður, með óheflaða framkomu, sýnir óþokkaskap				
sperrileggur	no	k/kk		montinn maður 	niðrandi/ljótt orð yfir karla	Montinn karlmaður, spjátrungur, oflátungur, drambsamur karl				
spjátrungur	no	k/kk		monthani, yfirlætisfullur mðaur, sundurgerðarmaður í klæðaburði	niðrandi/ljótt orð yfir karla	Montinn karlmaður, spjátrungur, oflátungur, drambsamur karl				
spóki	no	k/kk		spjátrungur, oflátungur, snipparamenni, látsari	niðrandi/ljótt orð yfir karla	Montinn karlmaður, spjátrungur, oflátungur, drambsamur karl				
spólurokkur	no	k/kk		heldur lausgeðja óáreiðanlegur maður	niðrandi/ljótt orð yfir karla	Falskur, óáreiðanlegur karlmaður				
státari	no	k/kk		gortari, hreykinn maður	niðrandi/ljótt orð yfir karla	Montinn karlmaður, spjátrungur, oflátungur, drambsamur karl				
stelpusnati	no	k/kk		kvennabósi	niðrandi/ljótt orð yfir karla	Kvensamur maður				
stelpustrákur	no	k/kk		kvennabósi	niðrandi/ljótt orð yfir karla	Kvensamur maður				
stirðbusi	no	k/kk		stirður maður, klaufi, klunni	niðrandi/ljótt orð yfir karla	Klaufskur maður, klunnalegur karl				
stólpakjaftur	no	k/kk		skömmóttur maður	niðrandi/ljótt orð yfir karla	Skapgerð: Geðstirður, uppstökkur maður				
strákhvelplingur	no	k/kk		niðrandi 'strákhnokki'	niðrandi/ljótt orð yfir karla	Almennt ljót orð um stráka				
strákhveplingur	no	k/kk		niðrandi 'strákhnokki'	niðrandi/ljótt orð yfir karla	Almennt ljót orð um stráka				
strákhvolpur	no	k/kk		niðrandi 'strákhnokki'	niðrandi/ljótt orð yfir karla	Almennt ljót orð um stráka				
stráktittur	no	k/kk			niðrandi/ljótt orð yfir karla	 				
svaðilmenni	no	k/kk		grófur, ruddalegur maður	niðrandi/ljótt orð yfir karla	Grófur ruddalegur karlmaður, með óheflaða framkomu, sýnir óþokkaskap				
svaki	no	k/kk		ruddalegur maður	niðrandi/ljótt orð yfir karla	Grófur ruddalegur karlmaður, með óheflaða framkomu, sýnir óþokkaskap				
svíðingur	no	k/kk		nirfill , maður harðdrægur í viðskiptum, féníðingur, búri	niðrandi/ljótt orð yfir karla	Maður fastheldinn á fé				
svolabursti	no	k/kk		ruddalegur og trallgefinn strákur	niðrandi/ljótt orð yfir karla	Grófur ruddalegur karlmaður, með óheflaða framkomu, sýnir óþokkaskap				
svoli	no	k/kk		ruddamenni, stór og rustalegur maður	niðrandi/ljótt orð yfir karla	Grófur ruddalegur karlmaður, með óheflaða framkomu, sýnir óþokkaskap				
taðrantur	no	k/kk		skammaryrði um mann	niðrandi/ljótt orð yfir karla	Almenn ljót orð um karlmenn				
taðrass	no	k/kk		skammaryrði um mann	niðrandi/ljótt orð yfir karla	Almenn ljót orð um karlmenn				
taðsekkur	no	k/kk		seinlátur maður	niðrandi/ljótt orð yfir karla	Skapgerð: Daufgerður, linur, gagnslítill, latur maður; rola				
teygða	no	k/kk		mannleysa, lydda	niðrandi/ljótt orð yfir karla	Skapgerð: Daufgerður, linur, gagnslítill, latur maður; rola				
tíkarsonur	no	k/kk			niðrandi/ljótt orð yfir karla	 				
tíkartittur	no	k/kk			niðrandi/ljótt orð yfir karla	 				
tímaleysingi	no	k/kk		nirfill, svíðingur	niðrandi/ljótt orð yfir karla	Maður fastheldinn á fé				
trassi	no	k/kk		seinlátur maður	niðrandi/ljótt orð yfir karla	Skapgerð: Daufgerður, linur, gagnslítill, latur maður; rola				
tuðrutjaldur	no	k/kk		hávaðasamur, grallalegur maður	niðrandi/ljótt orð yfir karla	Hávaðamaður				
tufa	no	k/kk		rola	niðrandi/ljótt orð yfir karla	Skapgerð: Daufgerður, linur, gagnslítill, latur maður; rola				
turfa	no	k/kk		duglaus maður, linjumenni	niðrandi/ljótt orð yfir karla	Skapgerð: Daufgerður, linur, gagnslítill, latur maður; rola				
uppskafningur	no	k/kk		montinn, yfirlætisfullur maður	niðrandi/ljótt orð yfir karla	Montinn karlmaður, spjátrungur, oflátungur, drambsamur karl				
úrþvætti	no	k/kk		afhrak, afstyrmi, hrakmenni, aftót	niðrandi/ljótt orð yfir karla	Grófur ruddalegur karlmaður, með óheflaða framkomu, sýnir óþokkaskap				
varmenni	no	k/kk		fantur, þrælmenni, níðingur, illmenni, samviskulaus maður	niðrandi/ljótt orð yfir karla	Grófur ruddalegur karlmaður, með óheflaða framkomu, sýnir óþokkaskap				
vepja	no	k/kk		linur og kjarklaus maður	niðrandi/ljótt orð yfir karla	Skapgerð: Daufgerður, linur, gagnslítill, latur maður; rola				
véri	no	k/kk		rolumenni, heimótt	niðrandi/ljótt orð yfir karla	Skapgerð: Daufgerður, linur, gagnslítill, latur maður; rola				
vösólfur	no	k/kk		uppivöðslusamur mðaur	niðrandi/ljótt orð yfir karla	Grófur ruddalegur karlmaður, með óheflaða framkomu, sýnir óþokkaskap				
þausnir	no	k/kk		þjösni	niðrandi/ljótt orð yfir karla	Skapgerð: Geðstirður, uppstökkur maður				
þjösni	no	k/kk		bráður maður og framhleypinn	niðrandi/ljótt orð yfir karla	Skapgerð: Geðstirður, uppstökkur maður				
þorpari	no	k/kk		þrjótur, ódámur, fantur	niðrandi/ljótt orð yfir karla	Grófur ruddalegur karlmaður, með óheflaða framkomu, sýnir óþokkaskap				
þrjótur	no	k/kk		þorpari, slæmur maður	niðrandi/ljótt orð yfir karla	Grófur ruddalegur karlmaður, með óheflaða framkomu, sýnir óþokkaskap				
þrustur	no	k/kk		þurrpumpulegur maður	niðrandi/ljótt orð yfir karla	Skapgerð: Geðstirður, uppstökkur maður				
